[{"_id":"5c958fd3aca3f30017c313fc","name":"Encuesta 3","welcome_message":"bienvenido 3","start_date":"11-11-2019","end_date":"11-11-2019","questions":[],"__v":0},{"_id":"5ca553c529a66900174ba774","name":"Encuesta 1","welcome_message":"Hola","start_date":"23/04/2019","end_date":"27/04/2019","questions":[],"__v":0},{"_id":"5c94e80a5116f60017ad651d","name":"Encuesta prueba","welcome_message":"Encuesta prueba ","start_date":"11/04/2019","end_date":"13/04/2019","questions":[{"_id":"5cb951b77ef6f900176885d4","name":"Nombre","simple":"true"},{"_id":"5cbe1be430cf2d0017e2f433","name":"PreguntEras","compuesta":"true"}],"__v":0},{"_id":"5cbe3ba9b2be020017982fcd","name":"Encuesta Carlo","welcome_message":"Bienvenida","start_date":"12-12-2018","end_date":"12-12-2018","questions":[{"_id":"5cbe3c1ab2be020017982fce","name":"C ELECTOR","simple":"true"},{"_id":"5cbe3c2eb2be020017982fd0","name":"EDAD","numero":"true"},{"_id":"5cbe3c8ab2be020017982fd2","name":"","simple":"true"},{"_id":"5cbe3ca6b2be020017982fd4","name":"","simple":"true"},{"_id":"5cbe3ca9b2be020017982fd6","name":"","simple":"true"}],"__v":0},{"_id":"5cc24eb67ecbd7001706411e","name":"Encuesta1","welcome_message":"","start_date":"2019-04-25","end_date":"2019-04-30","questions":[{"_id":"5cc250cb76abb70017d0058f","name":"Nombre","question":"¿Cual es su nombre?","category":"Simple"},{"_id":"5cc253dfb4ab8b00171692e2","name":"NOMBRE","question":"Cual es su nombre","category":"Simple"}],"__v":0},{"_id":"5c94e8225116f60017ad651e","name":"Encuesta prueba 2","welcome_message":"Encuesta prueba 2","start_date":"11/04/2019","end_date":"13/04/2019","questions":[{"_id":"5ccc8164d497cf0017468d79","name":"Nombre1","question":"Cual es su nombre?","category":"Simple"},{"_id":"5ccc819bd497cf0017468d7b","name":"Nacimiento","question":"Cual es su fecha de nacimiento?","category":"Fecha"}],"__v":0},{"_id":"5ccfe0dbf11cd60017c5cc5b","name":"Encuesta Prueba con Default","welcome_message":"Bienvenido a la Prueba","start_date":"2019-05-07","end_date":"2019-05-09","creation_date":"2019-5-6","questions":[{"_id":"5ccfe0dbf11cd60017c5cc5c","name":"Nombres","question":"¿Cúal es su nombre?","category":"Simple"},{"_id":"5ccfe0dbf11cd60017c5cc5d","name":"Apellido Paterno","question":"¿Cúal es su Apellido Paterno?","category":"Simple"},{"_id":"5ccfe0dbf11cd60017c5cc5e","name":"Apellido Materno","question":"¿Cúal es su Apellido Materno?","category":"Simple"},{"_id":"5ccfe0dbf11cd60017c5cc5f","name":"Edad","question":"¿Cúal es su edad?","category":"Número"},{"_id":"5ccfe0dbf11cd60017c5cc60","name":"Teléfono","question":"¿Cúal es su teléfono?","category":"Número"},{"_id":"5ccfe0dbf11cd60017c5cc61","name":"Dirección Calle 1","question":"¿Cúal es su calle principal?","category":"Simple"},{"_id":"5ccfe0dbf11cd60017c5cc62","name":"Dirección Calle 2","question":"¿Cúal es su calle secundaria?","category":"Simple"},{"_id":"5ccfe0dbf11cd60017c5cc64","name":"Número Interior","question":"¿Cúal es su Número Interior?","category":"Número"},{"_id":"5ccfe0dbf11cd60017c5cc63","name":"Número Exterior","question":"¿Cúal es su Número Exterior?","category":"Número"},{"_id":"5ccfe0dbf11cd60017c5cc65","name":"Colonia","question":"¿Cúal es su Colonia?","category":"Simple"},{"_id":"5ccfe0dbf11cd60017c5cc66","name":"CP","question":"¿Cúal es su Código Postal?","category":"Número"},{"_id":"5ccfe0dbf11cd60017c5cc67","name":"Correo","question":"¿Cúal es su Email o Correo Electrónico?","category":"Simple"},{"_id":"5ccfe0dbf11cd60017c5cc68","name":"Grupo Étnico","question":"¿Cúal es su Grupo Étnico?","category":"Simple"},{"_id":"5ccfe0dbf11cd60017c5cc69","name":"Estado Civil","question":"¿Cúal es su Estado Civil?","category":"Simple"},{"_id":"5ccfe0dbf11cd60017c5cc6a","name":"Estatus Laboral","question":"¿Cúal es su Estatus Laboral?","category":"Simple"},{"_id":"5ccfe0dbf11cd60017c5cc6b","name":"Título","question":"¿Cúal es su Nivel de Estudios?","category":"Simple"}],"__v":0},{"_id":"5cbe1cbc30cf2d0017e2f435","name":"Encuesta 22 Abril","welcome_message":"Encuesta 22 de Abril","start_date":"2019-04-22","end_date":"2019-05-28","questions":[{"_id":"5cbe1ccb30cf2d0017e2f436","name":"Nombre","simple":"true"},{"_id":"5cbe207030cf2d0017e2f438","name":"","simple":"true"},{"_id":"5cbe208130cf2d0017e2f43a","name":"sd","fecha":"true"},{"_id":"5cd61c014d27580017415f34","name":"Nombre","question":"Que procesos conoce","category":"Múltiple","answers":["Maquila","Extrusión","Bolseo","Impresión","Impresión"]}],"__v":0},{"_id":"5cd2fc342585110017e8bbab","name":"Prueba Ray","welcome_message":"Buenos días, mi nombre es Raymundo y trabajo para OP. Me permite entrevistarlo?","start_date":"2019-05-08","end_date":"2019-05-11","creation_date":"2019-5-8","questions":[{"_id":"5cd2fc342585110017e8bbaf","name":"Edad","question":"¿Cúal es su edad?","category":"Número"},{"_id":"5cd2fc342585110017e8bbb0","name":"Teléfono","question":"¿Cúal es su teléfono?","category":"Número"},{"_id":"5cd2fc342585110017e8bbb3","name":"Número Exterior","question":"¿Cúal es su Número Exterior?","category":"Número"},{"_id":"5cd2fc342585110017e8bbb4","name":"Número Interior","question":"¿Cúal es su Número Interior?","category":"Número"},{"_id":"5cd2fc342585110017e8bbb6","name":"CP","question":"¿Cúal es su Código Postal?","category":"Número"},{"_id":"5cd2fcfb2585110017e8bbcc","name":"F1","question":"¿Tiene credencial para votar vigente con domicilio en este estado?","category":"Radios","answers":["Sí","No"]},{"_id":"5cd2fe192585110017e8bbce","name":"P10","question":"En general, ¿diría que su opinión de Martín Orozco es muy buena, buena, mala o muy mala? ","category":"Radios","answers":["Presidente","Presidente"]}],"__v":0},{"_id":"5cd4a8d9e73f820017ce4efb","name":"Prueba Bins","welcome_message":"Bienvenidos ","start_date":"2019-05-09","end_date":"2019-05-10","creation_date":"2019-5-9","questions":[{"_id":"5cd4a8d9e73f820017ce4eff","name":"Edad","question":"¿Cúal es su edad?","category":"Número"},{"_id":"5cd4a8d9e73f820017ce4f00","name":"Teléfono","question":"¿Cúal es su teléfono?","category":"Número"},{"_id":"5cd4a8d9e73f820017ce4f03","name":"Número Exterior","question":"¿Cúal es su Número Exterior?","category":"Número"},{"_id":"5cd4a8d9e73f820017ce4f02","name":"Dirección Calle 2","question":"¿Cúal es su calle secundaria?","category":"Simple"},{"_id":"5cd4a8d9e73f820017ce4f04","name":"Número Interior","question":"¿Cúal es su Número Interior?","category":"Número"},{"_id":"5cd4a8d9e73f820017ce4f06","name":"CP","question":"¿Cúal es su Código Postal?","category":"Número"},{"_id":"5cd4aaafe73f820017ce4f1c","name":"a1","question":"Usted o algun familiar cercano trabaja en alguna compañia dedicada a servicios de telecomunicaciones?","category":"Radios","answers":["si","no"]},{"_id":"5cd4ac54e73f820017ce4f1e","name":"a2","question":"A continuacion vamos a hablar de la television","category":"Radios","answers":["cable"]},{"_id":"5cd4b2f1e73f820017ce4f20","name":"a3","question":"opcion multiple","category":"Múltiple","answers":["azul","naranja","amarillo","verde"]}],"__v":0},{"_id":"5cd4b3e2e73f820017ce4f22","name":"David","welcome_message":"Test","start_date":"2019-05-09","end_date":"2019-05-11","creation_date":"2019-5-9","questions":[{"_id":"5cd4b3e2e73f820017ce4f25","name":"Te gusta Movile Legends?","question":"¿Cúal es su Apellido Materno?","category":"Simple"},{"_id":"5cd4b3e2e73f820017ce4f23","name":"Cual crees que es mejor juego entre los anteriores mencionados?","question":"¿Cúal es su nombre?","category":"Simple"},{"_id":"5cd4b3e2e73f820017ce4f26","name":"Edad","question":"¿Cúal es su edad?","category":"Número"},{"_id":"5cd4b3e2e73f820017ce4f27","name":"Teléfono","question":"¿Cúal es su teléfono?","category":"Número"},{"_id":"5cd4b3e2e73f820017ce4f2a","name":"Número Exterior","question":"¿Cúal es su Número Exterior?","category":"Número"},{"_id":"5cd4b3e2e73f820017ce4f2b","name":"Número Interior","question":"¿Cúal es su Número Interior?","category":"Número"},{"_id":"5cd4b3e2e73f820017ce4f2d","name":"CP","question":"¿Cúal es su Código Postal?","category":"Número"}],"__v":0},{"_id":"5cd5bf73e4fd92001787ce9a","name":"Encuesta de prueba Betty","welcome_message":"Buenos días , mi nombre es....","start_date":"2019-05-10","end_date":"2019-05-31","creation_date":"2019-5-10","questions":[{"_id":"5cd5bf73e4fd92001787ce9b","name":"Nombres","question":"¿Cúal es su nombre?","category":"Simple"},{"_id":"5cd5bf73e4fd92001787ce9c","name":"Apellido Paterno","question":"¿Cúal es su Apellido Paterno?","category":"Simple"},{"_id":"5cd5bf73e4fd92001787ce9d","name":"Apellido Materno","question":"¿Cúal es su Apellido Materno?","category":"Simple"},{"_id":"5cd5bf73e4fd92001787ce9e","name":"Edad","question":"¿Cúal es su edad?","category":"Número"},{"_id":"5cd5bf73e4fd92001787ce9f","name":"Teléfono","question":"¿Cúal es su teléfono?","category":"Número"},{"_id":"5cd5bf73e4fd92001787cea0","name":"Dirección Calle 1","question":"¿Cúal es su calle principal?","category":"Simple"},{"_id":"5cd5bf73e4fd92001787cea1","name":"Dirección Calle 2","question":"¿Cúal es su calle secundaria?","category":"Simple"},{"_id":"5cd5bf73e4fd92001787cea2","name":"Número Exterior","question":"¿Cúal es su Número Exterior?","category":"Número"},{"_id":"5cd5bf73e4fd92001787cea4","name":"Colonia","question":"¿Cúal es su Colonia?","category":"Simple"},{"_id":"5cd5bf73e4fd92001787cea3","name":"Número Interior","question":"¿Cúal es su Número Interior?","category":"Número"},{"_id":"5cd5bf73e4fd92001787cea5","name":"CP","question":"¿Cúal es su Código Postal?","category":"Número"},{"_id":"5cd5bf73e4fd92001787cea6","name":"Correo","question":"¿Cúal es su Email o Correo Electrónico?","category":"Simple"},{"_id":"5cd5bf73e4fd92001787cea7","name":"Grupo Étnico","question":"¿Cúal es su Grupo Étnico?","category":"Simple"},{"_id":"5cd5bf73e4fd92001787cea8","name":"Estado Civil","question":"¿Cúal es su Estado Civil?","category":"Simple"},{"_id":"5cd5bf73e4fd92001787ceaa","name":"Título","question":"¿Cúal es su Nivel de Estudios?","category":"Simple"},{"_id":"5cd5bf73e4fd92001787cea9","name":"Estatus Laboral","question":"¿Cúal es su Estatus Laboral?","category":"Simple"},{"_id":"5cd5c0cae4fd92001787cebb","name":"P1","question":"De la siguiente lista, ¿me podría decir cuál es el problema más importante?","category":"Múltiple","answers":["Basura en las calles","Basura en las calles"]}],"__v":0},{"_id":"5ce43bb1482fc00017e0e4f8","name":"Prueba Dennise","welcome_message":"Buenos días/tardes, mi nombre es _________ y estamos realizando un estudio de opinión para GAUS, S. C. ¿me podría responder las siguientes preguntas? (SI PREGUNTAN EL TEMA ES: LA SITUACIÓN DEL PAÍS Y LA ECONOMÍA)","start_date":"2019-12-01","end_date":"2019-12-30","creation_date":"2019-5-21","questions":[{"_id":"5ce43bb1482fc00017e0e4f9","name":"Nombres","question":"¿Cúal es su nombre?","category":"Simple"},{"_id":"5ce43bb1482fc00017e0e4fa","name":"Apellido Paterno","question":"¿Cúal es su Apellido Paterno?","category":"Simple"},{"_id":"5ce43bb1482fc00017e0e4fb","name":"Apellido Materno","question":"¿Cúal es su Apellido Materno?","category":"Simple"},{"_id":"5ce43bb1482fc00017e0e4fc","name":"Edad","question":"¿Cúal es su edad?","category":"Número"},{"_id":"5ce43bb1482fc00017e0e4fd","name":"Teléfono","question":"¿Cúal es su teléfono?","category":"Número"},{"_id":"5ce43bb1482fc00017e0e4fe","name":"Dirección Calle 1","question":"¿Cúal es su calle principal?","category":"Simple"},{"_id":"5ce43bb1482fc00017e0e4ff","name":"Dirección Calle 2","question":"¿Cúal es su calle secundaria?","category":"Simple"},{"_id":"5ce43bb1482fc00017e0e500","name":"Número Exterior","question":"¿Cúal es su Número Exterior?","category":"Número"},{"_id":"5ce43bb1482fc00017e0e501","name":"Número Interior","question":"¿Cúal es su Número Interior?","category":"Número"},{"_id":"5ce43bb1482fc00017e0e502","name":"Colonia","question":"¿Cúal es su Colonia?","category":"Simple"},{"_id":"5ce43bb1482fc00017e0e504","name":"Correo","question":"¿Cúal es su Email o Correo Electrónico?","category":"Simple"},{"_id":"5ce43bb1482fc00017e0e505","name":"Grupo Étnico","question":"¿Cúal es su Grupo Étnico?","category":"Simple"},{"_id":"5ce43bb1482fc00017e0e503","name":"CP","question":"¿Cúal es su Código Postal?","category":"Número"},{"_id":"5ce43bb1482fc00017e0e507","name":"Estatus Laboral","question":"¿Cúal es su Estatus Laboral?","category":"Simple"},{"_id":"5ce43bb1482fc00017e0e506","name":"Estado Civil","question":"¿Cúal es su Estado Civil?","category":"Simple"},{"_id":"5ce43bb1482fc00017e0e508","name":"Título","question":"¿Cúal es su Nivel de Estudios?","category":"Simple"},{"_id":"5cede1dc1749090017d4c154","name":"Opciones Múltiple","question":"De las siguientes opciones, seleccione tres","category":"Múltiple","answers":["Opción 1","Opción 2","Opción 3","Opción 4","Opción 5","Opción 6","Opción 7","Opción 8","Opción 9","Opción 10"]}],"__v":0}]